,Player,Player City,Country,State,Team City,PER,Player US Full City
0,Delon Wright,Los Angeles,US,CA,Atlanta,13.8,"Los Angeles, CA"
1,Jalen Johnson,Wausau,US,WI,Atlanta,11.3,"Wausau, WI"
2,Kevin Huerter,Albany,US,NY,Atlanta,11.9,"Albany, NY"
3,Skylar Mays,Baton Rouge,US,LA,Atlanta,11.7,"Baton Rouge, LA"
4,Lou Williams,Memphis,US,TN,Atlanta,12.1,"Memphis, TN"
5,Trae Young,Lubbock,US,TX,Atlanta,25.4,"Lubbock, TX"
6,De'Andre Hunter,Philadelphia,US,PA,Atlanta,10.6,"Philadelphia, PA"
7,Onyeka Okongwu,Los Angeles,US,CA,Atlanta,19.8,"Los Angeles, CA"
8,John Collins,Layton,US,UT,Atlanta,18.7,"Layton, UT"
9,Chaundee Brown Jr.,Orlando,US,FL,Atlanta,6.4,"Orlando, FL"
10,Matt Ryan,White Plains,US,NY,Boston,3.5,"White Plains, NY"
11,Jayson Tatum,St. Louis,US,MO,Boston,21.8,"St. Louis, MO"
12,Jaylen Brown,Marietta,US,GA,Boston,18.9,"Marietta, GA"
13,Malik Fitts,Lynwood,US,CA,Boston,10.7,"Lynwood, CA"
14,Derrick White,Parker,US,CO,Boston,14.8,"Parker, CO"
15,Payton Pritchard,Tualatin,US,OR,Boston,15.0,"Tualatin, OR"
16,Grant Williams,Houston,US,TX,Boston,11.2,"Houston, TX"
17,Juwan Morgan,Waynesville,US,MO,Boston,8.3,"Waynesville, MO"
18,Aaron Nesmith,Charleston,US,SC,Boston,7.3,"Charleston, SC"
19,Sam Hauser,Green Bay,US,WI,Boston,14.8,"Green Bay, WI"
20,Marcus Smart,Flower Mound,US,TX,Boston,13.6,"Flower Mound, TX"
21,Luke Kornet,Lantana,US,TX,Boston,16.6,"Lantana, TX"
22,Brodric Thomas,Bolingbrook,US,IL,Boston,10.0,"Bolingbrook, IL"
23,Kevin Love,Santa Monica,US,CA,Cleveland,19.6,"Santa Monica, CA"
24,Brandon Goodwin,Norcross,US,GA,Cleveland,11.8,"Norcross, GA"
25,Rajon Rondo,Louisville,US,KY,Cleveland,10.9,"Louisville, KY"
26,Collin Sexton,Marietta,US,GA,Cleveland,11.2,"Marietta, GA"
27,Caris LeVert,Columbus,US,OH,Cleveland,15.1,"Columbus, OH"
28,Evan Mobley,San Diego,US,CA,Cleveland,16.1,"San Diego, CA"
29,RJ Nembhard Jr.,Keller,US,TX,Cleveland,8.0,"Keller, TX"
30,Moses Brown,New York,US,NY,Cleveland,18.5,"New York, NY"
31,Lamar Stevens,Philadelphia,US,PA,Cleveland,11.3,"Philadelphia, PA"
32,Dylan Windler,Indianapolis,US,IN,Cleveland,8.8,"Indianapolis, IN"
33,Darius Garland,Gary,US,IN,Cleveland,19.0,"Gary, IN"
34,Ed Davis,Washington,US,DC,Cleveland,9.3,"Washington, DC"
35,Jarrett Allen,San Diego,US,CA,Cleveland,23.0,"San Diego, CA"
36,Dean Wade,Wichita,US,KS,Cleveland,10.1,"Wichita, KS"
37,Isaac Okoro,Atlanta,US,GA,Cleveland,10.4,"Atlanta, GA"
38,Jared Harper,Atlanta,US,GA,New Orleans,36.9,"Atlanta, GA"
39,CJ McCollum,Canton,US,OH,New Orleans,18.3,"Canton, OH"
40,Devonte' Graham,Raleigh,US,NC,New Orleans,12.1,"Raleigh, NC"
41,Herbert Jones,Tuscaloosa,US,AL,New Orleans,12.3,"Tuscaloosa, AL"
42,Naji Marshall,Atlantic City,US,NJ,New Orleans,12.3,"Atlantic City, NJ"
43,Jaxson Hayes,Norman,US,OK,New Orleans,18.5,"Norman, OK"
44,Gary Clark,Smithfield,US,NC,New Orleans,11.4,"Smithfield, NC"
45,Kira Lewis Jr.,Meridianville,US,AL,New Orleans,9.8,"Meridianville, AL"
46,Brandon Ingram,Kinston,US,NC,New Orleans,18.7,"Kinston, NC"
47,Jose Alvarado,Brooklyn,US,NY,New Orleans,16.4,"Brooklyn, NY"
48,Tony Snell,Los Angeles,US,CA,New Orleans,6.3,"Los Angeles, CA"
49,Larry Nance Jr.,Akron,US,OH,New Orleans,14.4,"Akron, OH"
50,Trey Murphy III,Durham,US,NC,New Orleans,12.5,"Durham, NC"
51,Garrett Temple,Baton Rouge,US,LA,New Orleans,8.6,"Baton Rouge, LA"
52,Coby White,Goldsboro,US,NC,Chicago,12.6,"Goldsboro, NC"
53,Lonzo Ball,Anaheim,US,CA,Chicago,14.5,"Anaheim, CA"
54,Derrick Jones Jr.,Chester,US,PA,Chicago,13.0,"Chester, PA"
55,Alex Caruso,College Station,US,TX,Chicago,11.7,"College Station, TX"
56,Troy Brown Jr.,Las Vegas,US,NV,Chicago,10.1,"Las Vegas, NV"
57,Zach LaVine,Renton,US,WA,Chicago,20.0,"Renton, WA"
58,DeMar DeRozan,Compton,US,CA,Chicago,23.1,"Compton, CA"
59,Ayo Dosunmu,Chicago,US,IL,Chicago,11.2,"Chicago, IL"
60,Tony Bradley,Bartow,US,FL,Chicago,14.9,"Bartow, FL"
61,Malcolm Hill,St. Louis,US,MO,Chicago,12.7,"St. Louis, MO"
62,Matt Thomas,Decatur,US,IL,Chicago,9.9,"Decatur, IL"
63,Javonte Green,Petersburg,US,VA,Chicago,14.0,"Petersburg, VA"
64,Tyler Cook,St. Louis,US,MO,Chicago,13.0,"St. Louis, MO"
65,Patrick Williams,Charlotte,US,NC,Chicago,12.7,"Charlotte, NC"
66,Sterling Brown,Maywood,US,IL,Dallas,8.4,"Maywood, IL"
67,Theo Pinson,Greensboro,US,NC,Dallas,11.9,"Greensboro, NC"
68,Trey Burke,Columbus,US,OH,Dallas,10.0,"Columbus, OH"
69,Moses Wright,Raleigh,US,NC,Dallas,18.3,"Raleigh, NC"
70,Dorian Finney-Smith,Portsmouth,US,VA,Dallas,12.5,"Portsmouth, VA"
71,Tim Hardaway Jr.,Orinda,US,CA,Dallas,12.7,"Orinda, CA"
72,Jalen Brunson,New Brunswick,US,NJ,Dallas,17.1,"New Brunswick, NJ"
73,Reggie Bullock,Baltimore,US,MD,Dallas,9.2,"Baltimore, MD"
74,Spencer Dinwiddie,Los Angeles,US,CA,Dallas,15.1,"Los Angeles, CA"
75,Marquese Chriss,Sacramento,US,CA,Dallas,14.8,"Sacramento, CA"
76,Markus Howard,Morristown,US,NJ,Denver,16.1,"Morristown, NJ"
77,JaMychal Green,Montgomery,US,AL,Denver,14.1,"Montgomery, AL"
78,Michael Porter Jr.,Columbia,US,MO,Denver,7.5,"Columbia, MO"
79,Bones Hyland,Wilmington,US,DE,Denver,14.4,"Wilmington, DE"
80,DeMarcus Cousins,Mobile,US,AL,Denver,18.2,"Mobile, AL"
81,Will Barton,Baltimore,US,MD,Denver,13.4,"Baltimore, MD"
82,Bryn Forbes,Lansing,US,MI,Denver,11.5,"Lansing, MI"
83,Davon Reed,Princeton,US,NJ,Denver,12.2,"Princeton, NJ"
84,Monte Morris,Grand Rapids,US,MI,Denver,14.7,"Grand Rapids, MI"
85,Zeke Nnaji,Hopkins,US,MN,Denver,13.5,"Hopkins, MN"
86,Austin Rivers,Santa Monica,US,CA,Denver,7.2,"Santa Monica, CA"
87,Jeff Green,Cheverly,US,MD,Denver,12.5,"Cheverly, MD"
88,Aaron Gordon,San Jose,US,CA,Denver,15.3,"San Jose, CA"
89,Gary Payton II,Seattle,US,WA,Golden State,17.8,"Seattle, WA"
90,Damion Lee,Baltimore,US,MD,Golden State,10.9,"Baltimore, MD"
91,Chris Chiozza,Memphis,US,TN,Golden State,4.4,"Memphis, TN"
92,Jordan Poole,Milwaukee,US,WI,Golden State,16.1,"Milwaukee, WI"
93,Moses Moody,Little Rock,US,AR,Golden State,10.5,"Little Rock, AR"
94,Kevon Looney,Milwaukee,US,WI,Golden State,15.7,"Milwaukee, WI"
95,Andre Iguodala,Springfield,US,IL,Golden State,12.3,"Springfield, IL"
96,Klay Thompson,Los Angeles,US,CA,Golden State,16.7,"Los Angeles, CA"
97,Quinndary Weatherspoon,Canton,US,MS,Golden State,12.0,"Canton, MS"
98,Draymond Green,Saginaw,US,MI,Golden State,14.3,"Saginaw, MI"
99,Stephen Curry,Akron,US,OH,Golden State,21.4,"Akron, OH"
100,Otto Porter Jr.,St. Louis,US,MO,Golden State,15.9,"St. Louis, MO"
101,Juan Toscano-Anderson,Oakland,US,CA,Golden State,11.0,"Oakland, CA"
102,Jalen Green,Merced,US,CA,Houston,12.5,"Merced, CA"
103,David Nwaba,Los Angeles,US,CA,Houston,15.3,"Los Angeles, CA"
104,Kevin Porter Jr.,Seattle,US,WA,Houston,13.5,"Seattle, WA"
105,Kenyon Martin Jr.,Gardena,US,CA,Houston,14.3,"Gardena, CA"
106,Jae'Sean Tate,Toledo,US,OH,Houston,14.3,"Toledo, OH"
107,Josh Christopher,Carson,US,CA,Houston,12.2,"Carson, CA"
108,Eric Gordon,Indianapolis,US,IN,Houston,12.1,"Indianapolis, IN"
109,Daishen Nix,Anchorage,US,AK,Houston,8.1,"Anchorage, AK"
110,Trevelin Queen,Baltimore,US,MD,Houston,18.2,"Baltimore, MD"
111,Garrison Mathews,Franklin,US,TN,Houston,11.0,"Franklin, TN"
112,Christian Wood,Long Beach,US,CA,Houston,19.1,"Long Beach, CA"
113,Jay Scrubb,Louisville,US,KY,Los Angeles,9.3,"Louisville, KY"
114,Luke Kennard,Middletown,US,OH,Los Angeles,13.3,"Middletown, OH"
115,Amir Coffey,Hopkins,US,MN,Los Angeles,13.0,"Hopkins, MN"
116,Paul George,Palmdale,US,CA,Los Angeles,18.6,"Palmdale, CA"
117,Terance Mann,Brooklyn,US,NY,Los Angeles,13.4,"Brooklyn, NY"
118,Xavier Moon,Goodwater,US,AL,Los Angeles,16.2,"Goodwater, AL"
119,Rodney Hood,Meridian,US,MS,Los Angeles,7.2,"Meridian, MS"
120,Robert Covington,Bellwood,US,IL,Los Angeles,12.4,"Bellwood, IL"
121,Norman Powell,San Diego,US,CA,Los Angeles,16.3,"San Diego, CA"
122,Isaiah Hartenstein,Eugene,US,OR,Los Angeles,22.0,"Eugene, OR"
123,Russell Westbrook,Long Beach,US,CA,Los Angeles,15.0,"Long Beach, CA"
124,Wayne Ellington,Wynnewood,US,PA,Los Angeles,9.9,"Wynnewood, PA"
125,Anthony Davis,Chicago,US,IL,Los Angeles,23.9,"Chicago, IL"
126,D.J. Augustin,New Orleans,US,LA,Los Angeles,9.7,"New Orleans, LA"
127,Talen Horton-Tucker,Chicago,US,IL,Los Angeles,11.0,"Chicago, IL"
128,LeBron James,Akron,US,OH,Los Angeles,26.2,"Akron, OH"
129,Carmelo Anthony,Brooklyn,US,NY,Los Angeles,14.8,"Brooklyn, NY"
130,Kent Bazemore,Kelford,US,NC,Los Angeles,6.0,"Kelford, NC"
131,Malik Monk,Jonesboro,US,AR,Los Angeles,14.4,"Jonesboro, AR"
132,Stanley Johnson,Los Angeles,US,CA,Los Angeles,10.5,"Los Angeles, CA"
133,Austin Reaves,Newark,US,AR,Los Angeles,11.5,"Newark, AR"
134,Avery Bradley,Tacoma,US,WA,Los Angeles,7.8,"Tacoma, WA"
135,Mac McClung,Gate City,US,VA,Los Angeles,5.2,"Gate City, VA"
136,Dwight Howard,Atlanta,US,GA,Los Angeles,18.2,"Atlanta, GA"
137,Mason Jones,Dallas,US,TX,Los Angeles,17.8,"Dallas, TX"
138,Gabe Vincent,Modesto,US,CA,Miami,10.6,"Modesto, CA"
139,Victor Oladipo,Silver Spring,US,MD,Miami,16.8,"Silver Spring, MD"
140,Kyle Lowry,Philadelphia,US,PA,Miami,15.0,"Philadelphia, PA"
141,Markieff Morris,Philadelphia,US,PA,Miami,10.9,"Philadelphia, PA"
142,Bam Adebayo,Newark,US,NJ,Miami,21.8,"Newark, NJ"
143,Tyler Herro,Milwaukee,US,WI,Miami,16.2,"Milwaukee, WI"
144,Javonte Smart,Baton Rouge,US,LA,Miami,5.1,"Baton Rouge, LA"
145,Caleb Martin,Winston-Salem,US,NC,Miami,14.8,"Winston-Salem, NC"
146,P.J. Tucker,Raleigh,US,NC,Miami,11.3,"Raleigh, NC"
147,Dewayne Dedmon,Lancaster,US,CA,Miami,15.9,"Lancaster, CA"
148,Jimmy Butler,Houston,US,TX,Miami,23.6,"Houston, TX"
149,Haywood Highsmith,Baltimore,US,MD,Miami,7.0,"Baltimore, MD"
150,Max Strus,Hickory Hills,US,IL,Miami,12.7,"Hickory Hills, IL"
151,Udonis Haslem,Miami,US,FL,Miami,8.6,"Miami, FL"
152,Duncan Robinson,York,US,ME,Miami,10.6,"York, ME"
153,George Hill,Indianapolis,US,IN,Milwaukee,10.2,"Indianapolis, IN"
154,Jevon Carter,Maywood,US,IL,Milwaukee,9.6,"Maywood, IL"
155,Grayson Allen,Jacksonville,US,FL,Milwaukee,12.7,"Jacksonville, FL"
156,Bobby Portis,Little Rock,US,AR,Milwaukee,17.7,"Little Rock, AR"
157,Brook Lopez,North Hollywood,US,CA,Milwaukee,16.0,"North Hollywood, CA"
158,Jordan Nwora,Buffalo,US,NY,Milwaukee,9.9,"Buffalo, NY"
159,Jrue Holiday,Chatsworth,US,CA,Milwaukee,19.8,"Chatsworth, CA"
160,Khris Middleton,Charleston,US,SC,Milwaukee,18.1,"Charleston, SC"
161,Wesley Matthews,San Antonio,US,TX,Milwaukee,6.9,"San Antonio, TX"
162,Pat Connaughton,Arlington,US,MA,Milwaukee,13.4,"Arlington, MA"
163,Sandro Mamukelashvili,New York,US,NY,Milwaukee,14.7,"New York, NY"
164,Rayjon Tucker,Charlotte,US,NC,Milwaukee,17.7,"Charlotte, NC"
165,D'Angelo Russell,Louisville,US,KY,Minnesota,16.3,"Louisville, KY"
166,Anthony Edwards,Atlanta,US,GA,Minnesota,16.5,"Atlanta, GA"
167,Jaden McDaniels,Federal Way,US,WA,Minnesota,10.3,"Federal Way, WA"
168,Jaylen Nowell,Seattle,US,WA,Minnesota,16.8,"Seattle, WA"
169,Malik Beasley,Atlanta,US,GA,Minnesota,11.9,"Atlanta, GA"
170,Jordan McLaughlin,Etiwanda,US,CA,Minnesota,13.4,"Etiwanda, CA"
171,Jarred Vanderbilt,Houston,US,TX,Minnesota,15.3,"Houston, TX"
172,Jake Layman,Norwood,US,MA,Minnesota,9.0,"Norwood, MA"
173,Naz Reid,Asbury Park,US,NJ,Minnesota,17.2,"Asbury Park, NJ"
174,Taurean Prince,San Marcos,US,TX,Minnesota,12.4,"San Marcos, TX"
175,Nathan Knight,Syracuse,US,NY,Minnesota,18.7,"Syracuse, NY"
176,Greg Monroe,New Orleans,US,LA,Minnesota,19.5,"New Orleans, LA"
177,Patrick Beverley,Chicago,US,IL,Minnesota,14.8,"Chicago, IL"
178,McKinley Wright IV,North Robbinsdale,US,MN,Minnesota,9.5,"North Robbinsdale, MN"
179,Karl-Anthony Towns,Edison,US,NJ,Minnesota,24.1,"Edison, NJ"
180,Andre Drummond,Mount Vernon,US,NY,Brooklyn,21.0,"Mount Vernon, NY"
181,Bruce Brown,Boston,US,MA,Brooklyn,15.0,"Boston, MA"
182,Blake Griffin,Oklahoma City,US,OK,Brooklyn,13.7,"Oklahoma City, OK"
183,David Duke Jr.,Providence,US,RI,Brooklyn,10.0,"Providence, RI"
184,Kevin Durant,Washington,US,DC,Brooklyn,25.6,"Washington, DC"
185,Joe Harris,Chelan,US,WA,Brooklyn,9.6,"Chelan, WA"
186,Kessler Edwards,Glendale,US,CA,Brooklyn,8.3,"Glendale, CA"
187,Day'Ron Sharpe,Greenville,US,NC,Brooklyn,20.7,"Greenville, NC"
188,LaMarcus Aldridge,Dallas,US,TX,Brooklyn,19.6,"Dallas, TX"
189,Seth Curry,Charlotte,US,NC,Brooklyn,13.7,"Charlotte, NC"
190,Nic Claxton,Greenville,US,SC,Brooklyn,18.6,"Greenville, SC"
191,Obi Toppin,Brooklyn,US,NY,New York,18.3,"Brooklyn, NY"
192,Miles McBride,Cincinnati,US,OH,New York,6.1,"Cincinnati, OH"
193,Nerlens Noel,Malden,US,MA,New York,11.8,"Malden, MA"
194,Derrick Rose,Chicago,US,IL,New York,16.9,"Chicago, IL"
195,Immanuel Quickley,Havre de Grace,US,MD,New York,14.6,"Havre de Grace, MD"
196,Quentin Grimes,Houston,US,TX,New York,10.7,"Houston, TX"
197,Kemba Walker,The Bronx,US,NY,New York,13.9,"The Bronx, NY"
198,Alec Burks,Grandview,US,MO,New York,13.7,"Grandview, MO"
199,Cam Reddish,Norristown,US,PA,New York,12.8,"Norristown, PA"
200,Mitchell Robinson,Pensacola,US,FL,New York,20.7,"Pensacola, FL"
201,Julius Randle,Dallas,US,TX,New York,15.7,"Dallas, TX"
202,Jericho Sims,Minneapolis,US,MN,New York,11.6,"Minneapolis, MN"
203,Ryan Arcidiacono,Philadelphia,US,PA,New York,6.1,"Philadelphia, PA"
204,Taj Gibson,Brooklyn,US,NY,New York,12.0,"Brooklyn, NY"
205,Chuma Okeke,Atlanta,US,GA,Orlando,12.0,"Atlanta, GA"
206,Jalen Suggs,St. Paul,US,MN,Orlando,8.6,"St. Paul, MN"
207,Mo Bamba,Harlem,US,NY,Orlando,16.5,"Harlem, NY"
208,R.J. Hampton,Dallas,US,TX,Orlando,8.5,"Dallas, TX"
209,Gary Harris,Fishers,US,IN,Orlando,10.9,"Fishers, IN"
210,Markelle Fultz,Upper Marlboro,US,MD,Orlando,17.7,"Upper Marlboro, MD"
211,Devin Cannady,Mishawaka,US,IN,Orlando,8.6,"Mishawaka, IN"
212,Terrence Ross,Portland,US,OR,Orlando,10.0,"Portland, OR"
213,Robin Lopez,North Hollywood,US,CA,Orlando,13.7,"North Hollywood, CA"
214,Wendell Carter Jr.,Atlanta,US,GA,Orlando,18.4,"Atlanta, GA"
215,Cole Anthony,Portland,US,OR,Orlando,13.5,"Portland, OR"
216,Gabe York,West Covina,US,CA,Indiana,12.7,"West Covina, CA"
217,Tyrese Haliburton,Oshkosh,US,WI,Indiana,18.2,"Oshkosh, WI"
218,Lance Stephenson,Brooklyn,US,NY,Indiana,13.6,"Brooklyn, NY"
219,Malcolm Brogdon,Atlanta,US,GA,Indiana,18.0,"Atlanta, GA"
220,T.J. McConnell,Pittsburgh,US,PA,Indiana,15.1,"Pittsburgh, PA"
221,Isaiah Jackson,Pontiac,US,MI,Indiana,20.5,"Pontiac, MI"
222,Jalen Smith,Portsmouth,US,VA,Indiana,18.4,"Portsmouth, VA"
223,Terry Taylor,Bowling Green,US,KY,Indiana,19.0,"Bowling Green, KY"
224,Myles Turner,Bedford,US,TX,Indiana,17.4,"Bedford, TX"
225,Tyrese Maxey,Dallas,US,TX,Philadelphia,16.2,"Dallas, TX"
226,James Harden,Los Angeles,US,CA,Philadelphia,20.9,"Los Angeles, CA"
227,Myles Powell,Trenton,US,NJ,Philadelphia,0.2,"Trenton, NJ"
228,Isaiah Joe,Fort Smith,US,AR,Philadelphia,7.7,"Fort Smith, AR"
229,Paul Millsap,Monroe,US,LA,Philadelphia,10.8,"Monroe, LA"
230,DeAndre Jordan,Houston,US,TX,Philadelphia,17.2,"Houston, TX"
231,Jaden Springer,Charlotte,US,NC,Philadelphia,26.4,"Charlotte, NC"
232,Tobias Harris,Islip,US,NY,Philadelphia,15.9,"Islip, NY"
233,Danny Green,North Babylon,US,NY,Philadelphia,9.5,"North Babylon, NY"
234,Charlie Brown Jr.,Philadelphia,US,PA,Philadelphia,6.5,"Philadelphia, PA"
235,Shake Milton,Owasso,US,OK,Philadelphia,11.9,"Owasso, OK"
236,Georges Niang,Lawrence,US,MA,Philadelphia,10.7,"Lawrence, MA"
237,Matisse Thybulle,Scottsdale,US,AZ,Philadelphia,11.2,"Scottsdale, AZ"
238,Paul Reed,Orlando,US,FL,Philadelphia,21.4,"Orlando, FL"
239,JaVale McGee,Flint,US,MI,Phoenix,22.6,"Flint, MI"
240,Torrey Craig,Columbia,US,SC,Phoenix,11.0,"Columbia, SC"
241,Devin Booker,Grand Rapids,US,MI,Phoenix,21.3,"Grand Rapids, MI"
242,Elfrid Payton,Gretna,US,LA,Phoenix,7.9,"Gretna, LA"
243,Chris Paul,Winston-Salem,US,NC,Phoenix,20.8,"Winston-Salem, NC"
244,Aaron Holiday,Ruston,US,LA,Phoenix,12.6,"Ruston, LA"
245,Ish Wainright,Kansas City,US,MO,Phoenix,9.4,"Kansas City, MO"
246,Landry Shamet,Kansas City,US,MO,Phoenix,10.2,"Kansas City, MO"
247,Cameron Payne,Memphis,US,TN,Phoenix,13.8,"Memphis, TN"
248,Cameron Johnson,Moon Township,US,PA,Phoenix,15.2,"Moon Township, PA"
249,Mikal Bridges,Philadelphia,US,PA,Phoenix,14.4,"Philadelphia, PA"
250,Jae Crowder,Villa Rica,US,GA,Phoenix,11.3,"Villa Rica, GA"
251,Damian Lillard,Oakland,US,CA,Portland,18.5,"Oakland, CA"
252,Anfernee Simons,Longwood,US,FL,Portland,15.3,"Longwood, FL"
253,Trendon Watford,Birmingham,US,AL,Portland,15.8,"Birmingham, AL"
254,Greg Brown III,Dallas,US,TX,Portland,11.0,"Dallas, TX"
255,Eric Bledsoe,Birmingham,US,AL,Portland,12.5,"Birmingham, AL"
256,Keon Johnson,Shelbyville,US,TN,Portland,8.7,"Shelbyville, TN"
257,Brandon Williams,Los Angeles,US,CA,Portland,11.0,"Los Angeles, CA"
258,Brandon Williams,Collinston,US,LA,Portland,11.0,"Collinston, LA"
259,Brandon Williams,Los Angeles,US,CA,Portland,11.0,"Los Angeles, CA"
260,Brandon Williams,Collinston,US,LA,Portland,11.0,"Collinston, LA"
261,Nassir Little,Pensacola,US,FL,Portland,13.5,"Pensacola, FL"
262,Josh Hart,Silver Spring,US,MD,Portland,16.1,"Silver Spring, MD"
263,CJ Elleby,Federal Way,US,WA,Portland,9.2,"Federal Way, WA"
264,Elijah Hughes,Poughkeepsie,US,NY,Portland,5.4,"Poughkeepsie, NY"
265,Keljin Blevins,Hot Springs,US,AR,Portland,4.8,"Hot Springs, AR"
266,Ben McLemore,St. Louis,US,MO,Portland,11.7,"St. Louis, MO"
267,Justise Winslow,Houston,US,TX,Portland,13.1,"Houston, TX"
268,Donte DiVincenzo,Newark,US,DE,Sacramento,11.3,"Newark, DE"
269,Terence Davis,Southaven,US,MS,Sacramento,14.6,"Southaven, MS"
270,De'Aaron Fox,New Orleans,US,LA,Sacramento,17.4,"New Orleans, LA"
271,Chimezie Metu,Los Angeles,US,CA,Sacramento,13.4,"Los Angeles, CA"
272,Maurice Harkless,Queens,US,NY,Sacramento,7.7,"Queens, NY"
273,Justin Holiday,Mission Hills,US,CA,Sacramento,9.5,"Mission Hills, CA"
274,Domantas Sabonis,Portland,US,OR,Sacramento,21.9,"Portland, OR"
275,Davion Mitchell,Hinesville,US,GA,Sacramento,10.8,"Hinesville, GA"
276,Richaun Holmes,Lockport,US,IL,Sacramento,17.8,"Lockport, IL"
277,Jeremy Lamb,Henrico,US,VA,Sacramento,13.3,"Henrico, VA"
278,Damian Jones,Baton Rouge,US,LA,Sacramento,18.3,"Baton Rouge, LA"
279,Harrison Barnes,Ames,US,IA,Sacramento,15.7,"Ames, IA"
280,Josh Jackson,San Diego,US,CA,Sacramento,9.5,"San Diego, CA"
281,Lonnie Walker IV,Reading,US,PA,San Antonio,12.3,"Reading, PA"
282,Keldon Johnson,Chesterfield,US,VA,San Antonio,15.2,"Chesterfield, VA"
283,Dejounte Murray,Seattle,US,WA,San Antonio,22.3,"Seattle, WA"
284,Josh Richardson,Edmond,US,OK,San Antonio,12.8,"Edmond, OK"
285,Joe Wieskamp,Muscatine,US,IA,San Antonio,7.1,"Muscatine, IA"
286,Doug McDermott,Grand Forks,US,ND,San Antonio,11.4,"Grand Forks, ND"
287,Devontae Cacok,Chicago,US,IL,San Antonio,20.2,"Chicago, IL"
288,Zach Collins,Las Vegas,US,NV,San Antonio,16.4,"Las Vegas, NV"
289,Devin Vassell,Lawrenceville,US,GA,San Antonio,13.3,"Lawrenceville, GA"
290,Robert Woodard II,Starkville,US,MS,San Antonio,2.1,"Starkville, MS"
291,Keita Bates-Diop,Bloomington,US,IL,San Antonio,12.4,"Bloomington, IL"
292,Tre Jones,Apple Valley,US,MN,San Antonio,15.0,"Apple Valley, MN"
293,Romeo Langford,New Albany,US,IN,San Antonio,9.2,"New Albany, IN"
294,Darius Bazley,Boston,US,MA,Oklahoma City,12.6,"Boston, MA"
295,Lindy Waters III,Norman,US,OK,Oklahoma City,13.0,"Norman, OK"
296,Derrick Favors,Atlanta,US,GA,Oklahoma City,13.6,"Atlanta, GA"
297,Ty Jerome,New York,US,NY,Oklahoma City,11.3,"New York, NY"
298,Aaron Wiggins,Greensboro,US,NC,Oklahoma City,10.3,"Greensboro, NC"
299,Isaiah Roby,Dixon,US,IL,Oklahoma City,18.3,"Dixon, IL"
300,Tre Mann,Gainesville,US,FL,Oklahoma City,10.2,"Gainesville, FL"
301,Mike Muscala,St. Louis Park,US,MN,Oklahoma City,19.7,"St. Louis Park, MN"
302,Kenrich Williams,Waco,US,TX,Oklahoma City,13.3,"Waco, TX"
303,Jeremiah Robinson-Earl,Kansas City,US,MO,Oklahoma City,11.7,"Kansas City, MO"
304,Armoni Brooks,Waco,US,TX,Toronto,8.4,"Waco, TX"
305,Scottie Barnes,West Palm Beach,US,FL,Toronto,16.3,"West Palm Beach, FL"
306,Justin Champagnie,Brooklyn,US,NY,Toronto,13.6,"Brooklyn, NY"
307,Thaddeus Young,New Orleans,US,LA,Toronto,17.0,"New Orleans, LA"
308,Malachi Flynn,Tacoma,US,WA,Toronto,11.7,"Tacoma, WA"
309,Fred VanVleet,Rockford,US,IL,Toronto,17.3,"Rockford, IL"
310,Gary Trent Jr.,Columbus,US,OH,Toronto,14.7,"Columbus, OH"
311,Eric Paschall,North Tarrytown,US,NY,Utah,13.9,"North Tarrytown, NY"
312,Jordan Clarkson,Tampa,US,FL,Utah,14.9,"Tampa, FL"
313,Trent Forrest,Dothan,US,AL,Utah,10.9,"Dothan, AL"
314,Rudy Gay,Brooklyn,US,NY,Utah,13.0,"Brooklyn, NY"
315,Mike Conley,Fayetteville,US,AR,Utah,17.2,"Fayetteville, AR"
316,Jared Butler,Reserve,US,LA,Utah,12.1,"Reserve, LA"
317,Xavier Sneed,St. Louis,US,MO,Utah,0.4,"St. Louis, MO"
318,Hassan Whiteside,Gastonia,US,NC,Utah,22.9,"Gastonia, NC"
319,Royce O'Neale,Killeen,US,TX,Utah,10.3,"Killeen, TX"
320,Danuel House Jr.,Houston,US,TX,Utah,10.6,"Houston, TX"
321,Donovan Mitchell,Elmsford,US,NY,Utah,21.6,"Elmsford, NY"
322,De'Anthony Melton,North Hollywood,US,CA,Memphis,15.2,"North Hollywood, CA"
323,Kyle Anderson,Fairview,US,NJ,Memphis,14.4,"Fairview, NJ"
324,Tyrell Terry,Minneapolis,US,MN,Memphis,20.0,"Minneapolis, MN"
325,Ziaire Williams,Lancaster,US,CA,Memphis,9.7,"Lancaster, CA"
326,Ja Morant,Dalzell,US,SC,Memphis,24.4,"Dalzell, SC"
327,Jaren Jackson Jr.,Plainfield,US,NJ,Memphis,17.0,"Plainfield, NJ"
328,Tyus Jones,Burnsville,US,MN,Memphis,16.5,"Burnsville, MN"
329,Desmond Bane,Richmond,US,IN,Memphis,17.6,"Richmond, IN"
330,Jarrett Culver,Dallas,US,TX,Memphis,8.7,"Dallas, TX"
331,John Konchar,Chicago,US,IL,Memphis,14.0,"Chicago, IL"
332,Kentavious Caldwell-Pope,Thomaston,US,GA,Washington,12.6,"Thomaston, GA"
333,Bradley Beal,St. Louis,US,MO,Washington,17.5,"St. Louis, MO"
334,Ish Smith,Charlotte,US,NC,Washington,12.5,"Charlotte, NC"
335,Cassius Winston,Detroit,US,MI,Washington,6.0,"Detroit, MI"
336,Thomas Bryant,Rochester,US,NY,Washington,16.6,"Rochester, NY"
337,Isaiah Todd,Baltimore,US,MD,Washington,4.7,"Baltimore, MD"
338,Anthony Gill,High Point,US,NC,Washington,14.7,"High Point, NC"
339,Daniel Gafford,El Dorado,US,AR,Washington,21.8,"El Dorado, AR"
340,Vernon Carey Jr.,Miami,US,FL,Washington,15.8,"Miami, FL"
341,Corey Kispert,Edmonds,US,WA,Washington,10.9,"Edmonds, WA"
342,Kyle Kuzma,Flint,US,MI,Washington,15.2,"Flint, MI"
343,Cade Cunningham,Arlington,US,TX,Detroit,13.1,"Arlington, TX"
344,Carsen Edwards,Houston,US,TX,Detroit,5.5,"Houston, TX"
345,Frank Jackson,Washington,US,DC,Detroit,10.6,"Washington, DC"
346,Hamidou Diallo,Queens,US,NY,Detroit,15.7,"Queens, NY"
347,Killian Hayes,Lakeland,US,FL,Detroit,9.3,"Lakeland, FL"
348,Jerami Grant,Portland,US,OR,Detroit,16.1,"Portland, OR"
349,Isaiah Livers,Kalamazoo,US,MI,Detroit,11.1,"Kalamazoo, MI"
350,Rodney McGruder,Landover,US,MD,Detroit,11.6,"Landover, MD"
351,Braxton Key,Charlotte,US,NC,Detroit,13.7,"Charlotte, NC"
352,Jamorko Pickett,Washington,US,DC,Detroit,7.6,"Washington, DC"
353,Isaiah Stewart,Rochester,US,NY,Detroit,14.0,"Rochester, NY"
354,Marvin Bagley III,Tempe,US,AZ,Detroit,15.7,"Tempe, AZ"
355,Saben Lee,St. Louis,US,MO,Detroit,13.8,"St. Louis, MO"
356,Saddiq Bey,Charlotte,US,NC,Detroit,14.0,"Charlotte, NC"
357,Luka Garza,Washington,US,DC,Detroit,15.6,"Washington, DC"
358,Miles Bridges,Flint,US,MI,Charlotte,17.9,"Flint, MI"
359,LaMelo Ball,Anaheim,US,CA,Charlotte,19.7,"Anaheim, CA"
360,Terry Rozier,Youngstown,US,OH,Charlotte,17.6,"Youngstown, OH"
361,Isaiah Thomas,Tacoma,US,WA,Charlotte,12.0,"Tacoma, WA"
362,James Bouknight,Brooklyn,US,NY,Charlotte,10.1,"Brooklyn, NY"
363,Jalen McDaniels,Federal Way,US,WA,Charlotte,12.7,"Federal Way, WA"
364,Montrezl Harrell,Tarboro,US,NC,Charlotte,23.2,"Tarboro, NC"
365,Cody Martin,Winston-Salem,US,NC,Charlotte,12.7,"Winston-Salem, NC"
366,Kelly Oubre Jr.,New Orleans,US,LA,Charlotte,14.9,"New Orleans, LA"
367,Scottie Lewis,Bronx,US,NY,Charlotte,14.6,"Bronx, NY"
368,Gordon Hayward,Indianapolis,US,IN,Charlotte,15.1,"Indianapolis, IN"
369,JT Thor,Omaha,US,NE,Charlotte,9.7,"Omaha, NE"
370,Mason Plumlee,Fort Wayne,US,IN,Charlotte,14.7,"Fort Wayne, IN"
371,P.J. Washington,Louisville,US,KY,Charlotte,13.6,"Louisville, KY"
